                                          ASCENDING DATABASE(SELECT,WHERE,HAVING,ORDER BY)
                                          -----------------------------------------------
                                          
                                          
mysql> select * from customer;
+-------+---------+------------------+---------+-----------+
| id    | name    | address          | city    | ph_no     |
+-------+---------+------------------+---------+-----------+
| 10001 | Ram     | neelakam         | calicut |      NULL |
| 10002 | syam    | sarovar          | tvm     |      NULL |
| 10003 | rudra   | sreelakam        | ekm     |      NULL |
| 10004 | aswathi | thirumanasseri   | tvm     | 792358146 |
| 10005 | anuzz   | eeshwara nilayam | tvm     | 854596321 |
+-------+---------+------------------+---------+-----------+
5 rows in set (0.00 sec)





mysql> select pname,  price from product;
+-----------+-------+
| pname     | price |
+-----------+-------+
| pen       |   153 |
| pencil    |    66 |
| soap      |   102 |
| note book |   122 |
| marker    |    82 |
+-----------+-------+
5 rows in set (0.00 sec)


mysql> select * from invoice_item;
+--------+------+----------+
| inv_id | pid  | quantity |
+--------+------+----------+
|    105 |    5 |       10 |
|    101 |    1 |        3 |
|    102 |    2 |        9 |
|    103 |    3 |        8 |
|    104 |    4 |        5 |
+--------+------+----------+
5 rows in set (0.00 sec)


mysql> select * from product where price between 50 and 150;
+-----+-----------+-------+
| pid | pname     | price |
+-----+-----------+-------+
|   2 | pencil    |    66 |
|   3 | soap      |   102 |
|   4 | note book |   122 |
|   5 | marker    |    82 |
+-----+-----------+-------+




mysql> select * from customer where city in ('tvm','ekm');
+-------+---------+------------------+------+-----------+
| id    | name    | address          | city | ph_no     |
+-------+---------+------------------+------+-----------+
| 10002 | syam    | sarovar          | tvm  |      NULL |
| 10003 | rudra   | sreelakam        | ekm  |      NULL |
| 10004 | aswathi | thirumanasseri   | tvm  | 792358146 |
| 10005 | anuzz   | eeshwara nilayam | tvm  | 854596321 |
+-------+---------+------------------+------+-----------+
4 rows in set (0.00 sec)




mysql> select name from customer where id in(select cust_id from invoice_master
where inv_date='2023-03-22');
+------+
| name |
+------+
| Ram  |
+------+
1 row in set (0.00 sec)



